--
-- PostgreSQL database dump
--

-- Dumped from database version 17.4
-- Dumped by pg_dump version 17.4

SET statement_timeout = 0;
SET lock_timeout = 0;
SET idle_in_transaction_session_timeout = 0;
SET transaction_timeout = 0;
SET client_encoding = 'UTF8';
SET standard_conforming_strings = on;
SELECT pg_catalog.set_config('search_path', '', false);
SET check_function_bodies = false;
SET xmloption = content;
SET client_min_messages = warning;
SET row_security = off;

SET default_tablespace = '';

SET default_table_access_method = heap;

--
-- Name: _pdf_document; Type: TABLE; Schema: public; Owner: -
--

CREATE TABLE public._pdf_document (
    id bigint NOT NULL,
    content_type character varying(255),
    data oid,
    file_name character varying(255),
    user_id integer
);


--
-- Name: _pdf_document_id_seq; Type: SEQUENCE; Schema: public; Owner: -
--

ALTER TABLE public._pdf_document ALTER COLUMN id ADD GENERATED BY DEFAULT AS IDENTITY (
    SEQUENCE NAME public._pdf_document_id_seq
    START WITH 1
    INCREMENT BY 1
    NO MINVALUE
    NO MAXVALUE
    CACHE 1
);


--
-- Name: _personal_data; Type: TABLE; Schema: public; Owner: -
--

CREATE TABLE public._personal_data (
    id integer NOT NULL,
    insurance_policy character varying(16),
    passport character varying(10),
    snils character varying(14),
    user_id integer
);


--
-- Name: _personal_data_id_seq; Type: SEQUENCE; Schema: public; Owner: -
--

ALTER TABLE public._personal_data ALTER COLUMN id ADD GENERATED BY DEFAULT AS IDENTITY (
    SEQUENCE NAME public._personal_data_id_seq
    START WITH 1
    INCREMENT BY 1
    NO MINVALUE
    NO MAXVALUE
    CACHE 1
);


--
-- Name: _required_data; Type: TABLE; Schema: public; Owner: -
--

CREATE TABLE public._required_data (
    field_id integer NOT NULL,
    field_data character varying(255) NOT NULL
);


--
-- Name: _required_data_field_id_seq; Type: SEQUENCE; Schema: public; Owner: -
--

ALTER TABLE public._required_data ALTER COLUMN field_id ADD GENERATED BY DEFAULT AS IDENTITY (
    SEQUENCE NAME public._required_data_field_id_seq
    START WITH 1
    INCREMENT BY 1
    NO MINVALUE
    NO MAXVALUE
    CACHE 1
);


--
-- Name: _service_field; Type: TABLE; Schema: public; Owner: -
--

CREATE TABLE public._service_field (
    field_id integer NOT NULL,
    service_id integer NOT NULL
);


--
-- Name: _services; Type: TABLE; Schema: public; Owner: -
--

CREATE TABLE public._services (
    id integer NOT NULL,
    description character varying(255),
    name character varying(255) NOT NULL
);


--
-- Name: _services_id_seq; Type: SEQUENCE; Schema: public; Owner: -
--

ALTER TABLE public._services ALTER COLUMN id ADD GENERATED BY DEFAULT AS IDENTITY (
    SEQUENCE NAME public._services_id_seq
    START WITH 1
    INCREMENT BY 1
    NO MINVALUE
    NO MAXVALUE
    CACHE 1
);


--
-- Name: _services_seq; Type: SEQUENCE; Schema: public; Owner: -
--

CREATE SEQUENCE public._services_seq
    START WITH 1
    INCREMENT BY 50
    NO MINVALUE
    NO MAXVALUE
    CACHE 1;


--
-- Name: _user; Type: TABLE; Schema: public; Owner: -
--

CREATE TABLE public._user (
    id integer NOT NULL,
    email character varying(255),
    middle_name character varying(255),
    name character varying(255),
    password character varying(255),
    role character varying(255),
    surname character varying(255),
    CONSTRAINT _user_role_check CHECK (((role)::text = ANY ((ARRAY['User'::character varying, 'Admin'::character varying])::text[])))
);


--
-- Name: _user_id_seq; Type: SEQUENCE; Schema: public; Owner: -
--

ALTER TABLE public._user ALTER COLUMN id ADD GENERATED BY DEFAULT AS IDENTITY (
    SEQUENCE NAME public._user_id_seq
    START WITH 1
    INCREMENT BY 1
    NO MINVALUE
    NO MAXVALUE
    CACHE 1
);


--
-- Name: _user_seq; Type: SEQUENCE; Schema: public; Owner: -
--

CREATE SEQUENCE public._user_seq
    START WITH 1
    INCREMENT BY 50
    NO MINVALUE
    NO MAXVALUE
    CACHE 1;


--
-- Name: users_seq; Type: SEQUENCE; Schema: public; Owner: -
--

CREATE SEQUENCE public.users_seq
    START WITH 1
    INCREMENT BY 50
    NO MINVALUE
    NO MAXVALUE
    CACHE 1;


--
-- Name: 42326..42601; Type: BLOB METADATA; Schema: -; Owner: -
--

SELECT pg_catalog.lo_create('42326');
SELECT pg_catalog.lo_create('42601');

--
-- Data for Name: _pdf_document; Type: TABLE DATA; Schema: public; Owner: -
--

COPY public._pdf_document (id, content_type, data, file_name, user_id) FROM stdin;
1	application/pdf	42601	5522c422-f672-493d-be2f-66ef18ab5aab.pdf	\N
\.


--
-- Data for Name: _personal_data; Type: TABLE DATA; Schema: public; Owner: -
--

COPY public._personal_data (id, insurance_policy, passport, snils, user_id) FROM stdin;
\.


--
-- Data for Name: _required_data; Type: TABLE DATA; Schema: public; Owner: -
--

COPY public._required_data (field_id, field_data) FROM stdin;
1	Паспорт
2	Полис
3	СНИЛС
4	Группа крови
\.


--
-- Data for Name: _service_field; Type: TABLE DATA; Schema: public; Owner: -
--

COPY public._service_field (field_id, service_id) FROM stdin;
1	1
2	1
3	1
1	2
2	2
3	2
4	2
1	3
2	3
3	3
\.


--
-- Data for Name: _services; Type: TABLE DATA; Schema: public; Owner: -
--

COPY public._services (id, description, name) FROM stdin;
1	Описание	МРТ
2	Описание	Донорство крови
3	Описание	ЭКГ
\.


--
-- Data for Name: _user; Type: TABLE DATA; Schema: public; Owner: -
--

COPY public._user (id, email, middle_name, name, password, role, surname) FROM stdin;
\.


--
-- Name: _pdf_document_id_seq; Type: SEQUENCE SET; Schema: public; Owner: -
--

SELECT pg_catalog.setval('public._pdf_document_id_seq', 1, true);


--
-- Name: _personal_data_id_seq; Type: SEQUENCE SET; Schema: public; Owner: -
--

SELECT pg_catalog.setval('public._personal_data_id_seq', 1, false);


--
-- Name: _required_data_field_id_seq; Type: SEQUENCE SET; Schema: public; Owner: -
--

SELECT pg_catalog.setval('public._required_data_field_id_seq', 1, false);


--
-- Name: _services_id_seq; Type: SEQUENCE SET; Schema: public; Owner: -
--

SELECT pg_catalog.setval('public._services_id_seq', 1, false);


--
-- Name: _services_seq; Type: SEQUENCE SET; Schema: public; Owner: -
--

SELECT pg_catalog.setval('public._services_seq', 1, false);


--
-- Name: _user_id_seq; Type: SEQUENCE SET; Schema: public; Owner: -
--

SELECT pg_catalog.setval('public._user_id_seq', 1, false);


--
-- Name: _user_seq; Type: SEQUENCE SET; Schema: public; Owner: -
--

SELECT pg_catalog.setval('public._user_seq', 1, false);


--
-- Name: users_seq; Type: SEQUENCE SET; Schema: public; Owner: -
--

SELECT pg_catalog.setval('public.users_seq', 1, false);


--
-- Data for Name: 42326..42601; Type: BLOBS; Schema: -; Owner: -
--

BEGIN;

SELECT pg_catalog.lo_open('42326', 131072);
SELECT pg_catalog.lowrite(0, '\x255044462d312e340a25f6e4fcdf0a312030206f626a0a3c3c0a2f54797065202f436174616c6f670a2f56657273696f6e202f312e340a2f50616765732032203020520a3e3e0a656e646f626a0a322030206f626a0a3c3c0a2f54797065202f50616765730a2f4b696473205b33203020525d0a2f436f756e7420310a3e3e0a656e646f626a0a332030206f626a0a3c3c0a2f54797065202f506167650a2f4d65646961426f78205b302e3020302e30203631322e30203739322e305d0a2f506172656e742032203020520a2f436f6e74656e74732034203020520a2f5265736f75726365732035203020520a3e3e0a656e646f626a0a342030206f626a0a3c3c0a2f4c656e677468203135360a2f46696c746572202f466c6174654465636f64650a3e3e0a73747265616d0d0a789c5d8dbf0bc2301085c373cbacd645c8a8934924151c0316fc8153a0205541346aeb2efef75e6c82d0e1dd70f77df7ace3b34209950be7b936522ca414eeca2728b0c16e2a5ccd5791d181b18e2b427213310b8f0f1bb31e4ad438e10d9fa484ce4d8bee7120f8821ba55596b8e348db33aaaa6be958b0a67b83271ef4fe152cd6670336fccfae2863dd969e87b2e62765048f2859c2bf89392b050d0a656e6473747265616d0a656e646f626a0a352030206f626a0a3c3c0a2f466f6e742036203020520a3e3e0a656e646f626a0a362030206f626a0a3c3c0a2f46312037203020520a3e3e0a656e646f626a0a372030206f626a0a3c3c0a2f54797065202f466f6e740a2f42617365466f6e74202f4141465243432b417269616c4d540a2f53756274797065202f54797065300a2f456e636f64696e67202f4964656e746974792d480a2f44657363656e64616e74466f6e7473205b38203020525d0a2f546f556e69636f64652039203020520a3e3e0a656e646f626a0a382030206f626a0a3c3c0a2f54797065202f466f6e740a2f53756274797065202f434944466f6e7454797065320a2f42617365466f6e74202f4141465243432b417269616c4d540a2f43494453797374656d496e666f203130203020520a2f466f6e7444657363726970746f72203131203020520a2f57205b30205b3735305d0a2033205b3237385d0a203230205b353536203535362035353620353536203535365d0a203239205b3237385d0a203336205b3636375d0a3338205b3732325d0a203438205b3833335d0a203531205b3636375d0a203535205b3631315d0a203638205b3535365d0a3730205b3530305d0a203732205b3535365d0a203832205b353536203535365d0a20353539205b3731395d0a20353730205b3636375d0a353738205b3731395d0a20353832205b3833335d0a20353835205b3731392036363720373232203631315d0a20353930205b3736305d0a20353939205b3731395d0a363032205b3535365d0a20363034205b3533312033363520353833203535365d0a20363130205b3535395d0a20363133205b353833203638382035353220353536203534322035353620353030203435385d0a20363331205b3531305d0a363333205b3534325d0a20363337205b3531305d0a5d0a2f434944546f4749444d6170203132203020520a3e3e0a656e646f626a0a392030206f626a0a3c3c0a2f4c656e677468203430340a2f46696c746572202f466c6174654465636f64650a3e3e0a73747265616d0d0a789c5d93cd6eab301046f77e0a2f7b1715600f4e2b4548bd702365d11f35ed03109844483706396491b7af99cf4da522a1231f3c7c633464f5b6d9fa61d6d95b18bb1dcffa30f83ef079bc848ef59e8f835785d1fdd0cd69a504dda99d5416ab77d7f3cca7ad3f8c6abdd6d97b7c789ec355df3df5e39effa8ec35f41c067fd4779ff52eae779769facf27f6b3ce5555e99e0f2abee9b99d5eda13eb4ceaeeb77ddc30ccd7fb58245b64c7c775626d5052a09f6eecf93cb51d87d61f59adf378557abd8957a5d8f7bf9e2be350b73ffc14d8587083c9ab451624abe241600bc80612b04f220d762610761a070990156973d401d4402236a144ba5d41022589a494003804514a001c82085d27b8526469f03204b9cd228dd92cab04ca25c8c483e91ba890960c497902c5ef22d2413ac81af211b2864410fd831490415029e74b20d340221d208bf4b286449fd688746809208b96e2694522ddfe15b9421040f8f266853e0122f4b96a2005b47cf93844dfc32203b54cfe6d5cbb4b087152e5ff90115d8673f07cfb85a6715aaae4fe020463d9580d0a656e6473747265616d0a656e646f626a0a31302030206f626a0a3c3c0a2f5265676973747279202841646f6265290a2f4f72646572696e6720284964656e74697479290a2f537570706c656d656e7420300a3e3e0a656e646f626a0a31312030206f626a0a3c3c0a2f54797065202f466f6e7444657363726970746f720a2f466f6e744e616d65202f4141465243432b417269616c4d540a2f466c61677320340a2f466f6e74576569676874203430302e300a2f4974616c6963416e676c6520302e300a2f466f6e7442426f78205b2d3636342e35353038202d3332342e373037303320323032382e3332303320313033372e313039345d0a2f417363656e74203930352e32373334340a2f44657363656e74202d3231312e39313430360a2f436170486569676874203731352e383230330a2f58486569676874203531382e353534370a2f5374656d56203335302e30373332340a2f466f6e7446696c6532203133203020520a2f434944536574203134203020520a3e3e0a656e646f626a0a31322030206f626a0a3c3c0a2f4c656e677468203132370a2f46696c746572202f466c6174654465636f64650a3e3e0a73747265616d0d0a789c636000034606428089819981858195810d2ec28e22cf01c49c58f47181496e288f07a7f9bc40cc07c4fc58e404180409ba6f148c825130d8801056516134be0894160593620ce20c120c92409614864e69302903c4b20c720cf20c0a60be2298546250665061506550635067d060d0c46ab316106b43d93a007c3b03df0d0a656e6473747265616d0a656e646f626a0a31332030206f626a0a3c3c0a2f4c656e6774682031303638390a2f46696c746572202f466c6174654465636f64650a2f4c656e677468312031343531360a3e3e0a73747265616d0d0a789c8d7a097c5355f6ff5dde9abc242f69daa4499abc90364003b474a1142a7d400b48655f6c914ad9649796b2392e1495ada2200a23e808282a2e4828055bc0a1026e28828383e30aa375dca60333222ed0e47fee4b41f9fde7fffffcf2deb9ebb9ef9e7beef79e7beecb43182164427588226deae285daa6eabf2c8692971012b26fab9e316f49e7e77f84f4a708f1d119936bab911bc908296b81479d31f78edbb61cfaf03bc83f8150207be6f4c9d38e175e5a8f50e45da8ef35130a1cf394dd0875e3209f3e73dec2a51f1c51bf807c17c837ce9d3f7532a2798f421e9e8f9ae64d5e5acd9d561e41a83b9421ad7ac1f4eaef77d5007ff74610b29d3f8052813cfc7328950b832428fe35d0372c8ecd8a7fc3ea594cbe634feb208476a25d7816da850ea323f802b4da8d9a51237a0bb950097a02dd851e45ab90802640c91a341a2e1eca1fc5a9f1469485b6835eb6a313c07b33ba071d4029d81dff162d432be86968b502595027d41f8d44f3d183f8a6f82234119de5ee4305e826743baac675f1f2f843f10df11de819d44cdf8ab72333f2a0a9709d88ff8bff5bfc53d41d5a6c449bd159bc41de8774e8a50e38ff8416a02db492c3f119f15f4182205a02327068183a815b48049e3e1d7d8dddf82e3a109ef2743c1a3f065c3e548966a22de800cec78349909f181f163f8152a08fa5f0d4cda801ed87ab09bd8a3ec60a7f21be237e01a5a26ee846184f237a0fb7d058fbf25831688c072d75458550331ffd19bd894ee1107e8dcce7153e87d7f93fc43f404ed4138d03699f8396ffc03f917be05a46dfe006c507202be8e561a66df43afa3bf6e02c3c028f275dc97cf2245d8024e8b1275cd3d02cd0f763f0f4cf7104ef270a39499fe65ee42e0b69b173712bcc48183d8efe845ec31618a9866bf1bdf80cfe920c2493c8e3e40bfa28f73cf71771328cfa56340f3d885e443f6107ee8d47e15bf04c7c175e851fc69bf1097c0a7f43fa93b1640e394f67d21afa2a3700ae315c2d771fbf927f40f826561e3b167b3ff6533c27be128d023c2c07e937a2276164cde824fa08aeb3e80bcc6333b6c2a5e1201e87ef84eb1efc207e0aefc4cfe346e8e514fe027f8bff837fc49709824b205e12249de00a9105640979943c414ec2758afc93fc425db4138dd07c5a442be87c906a155d0fd73efa77cec39de4e2a0e71c7e13bf95dfc9bfc81fe12f088a78af84a477af3cdd9ed9fe790cc556c736c51a628df1bfa36498430f6821808a40fac970cd86f9de0488db8d4e630574e7c199b81fbe09343309cfc635782968f27ebc053f63c8fe323e045afa109f07992dc467c8dc83e4930164045cb792e9a486ac271b482339437ea52235531b4da6997430ada4d3e9427a07dd44a3f45dfa19fd825ea257e08a73262ec075e2c25c841bcc4de216714f725f735ff313f977f8af0493304f58293409ff167b89fdc491e228b1525c27ee173f90aa009d47d13ef40afadd0f9fa3cb6929dd871e22b95c2a798fbc07789e84a6d16104904a76e2d5e46edc48d2f9a5425fd2170f4717b830e8fa0db2955c227de9305c86c7a0d9a467e26982937b01a222ee286ae30ec1d8de83272f15147c0f392f28a8012352087dbe4eb3b9087d077d4ccf6291db8e3ee14cd885dbc8737424a0e055ae1f5f8e82f409f432adc177a37da414acd365692de078387e01ecc2589c837fa67144c970405101fd12dd87e690bfa13658c7abd11ff1346e067a08e5e2bbd0d7e85958155df9db854c2119bf4d6671f524093722c23d0fa32bc4e998f24e743faea45b84f3e423b4089de44ce873fa12487f92bc4c877117f8d17826ac80bbd14a54135f8eeee0cbb9bfe01988e2f128833b07d6ed2e9ac305215e06566522d8b4fdb0ba0f801de84f8741891b907313e0621c58882d703d0676820304cd82357e3358b1f750a3309634a119bc1583d541887b27361a4d883f8b36c767a0dbe31b5077b007abe277c11377a2afd03ab413af88dd89aa911f56cee7f8267e1039c90f8a7727f5e42332866cba7e7e41db19d88dbe83eb653408f5e30fa27aee43340615c7d7c6ff0ae8ee021676339a8286a25618e5bfa08721b405e5c686933df141b41ac67b168d8a3f170f60139a199f8b46a043e819914793c588debfbf5edcef86a2be7d0a7b17e4e7e5e6f4ccceead1bd5b24b36b97cee18cf450a7a016f0a7f9bc9e54b72b25d999e4b0ab36ab45319b644914788e128cba9586065569d17055940b87860ce9cef2a1c95030f9770555510d8a065dcf13d5aa0c36ed7a4e1d386ffb1f9c7a8253bfc68955ad081575efa69586b4e8899290d684278c2a87f48325a10a2dda66a48719e9f546da02e960101a68a5ee99255a145769a5d1418b67d6975695c0e3f6984d034303a79bba77437b4c66489a21157585aaf760573f6c2488abb4cf1e82240b0815f5844a4aa3a9a11226419466944e9e161d39aabcb4c41b0c5674ef16c503a786a644516840d4163158d040a39ba830302a1add68b3d868d003da9e6e2df56b9b5434a52aa24c0b4d9b3cb13c4a2757b03eec11e8b724eafa43abfbb72c3cdc31b07cd5ef6bbdb4bed43d4b63d9fafa555a74dba8f2dfd70659585101cf80b624635055fd20e87a2d28b16c8c06bd911515e551bc02bad4d848d8a812e39b1e2a652555b3b5a81c1a109a593fbb0aa6c6531f45a3ef0836783c7a73fc1cf2946af563cb43c168b1375431b9c4b7c789ea47dfb13755d752afafe9de6d8f6a4f28768fd5d691502cbf4f4cbf5667a40c76962a1b7d4db3984914ba110011d5a66a20497908c6d49b05d37ba3faa9bd810d7e15185a45a7c18ccc8aca03abead53eac9cb58ff2196a48abff110102426dffbcbe6472478990a1fe885892e1e41ad4a0fe6a3a1a894433331944c48130a720633f239fdfbddbe226120a55ab1a44a03e3412743bb9a24f16a83f186413fc40938ea640265a37aa3c91d7d0146f03d2b322155152c56a5aaed6248f633575576bae35af0a01921b11734c93a352f8da6d5353924a67f689e294ff4ff5f4447dd99850d9a809e55a697d55876ecbc65e974bd4f7be56d7918a260d2ca75ed291225e6ad40228275e6366997225ca65c02d18a09ed6244a804aa3046b83a26ad5904458610a06ff978d9ae217582b23faad598798d13e91ebf37dafcb5f279e524f4160d804cbc64ea8af375d5707504b7478634704884763cb83dac0281a072b3303eea6784b6f4615dea80e2a1bc818007f89a28eec758cde8e7405fc183abb771b0486aebe7e50481b545f553fb9295e3725a4a9a1fa6672841ca9af2eadba0a9ca6f88107bcd1416b2b405733719fee30a314fc4382ec08c761f744041bce28cfca4534a091e056416c229bf524c473ad149944ae15a35449e05b093d049bbc0c2e5f0fe48ea8978ada8b86ab178b86b517a16248ab5720e8991db407ed191060d8e2ae68b4e58acea3cb48e35a601b022f0f91cb7c0b9c866a758dea167bde1c6e195947364bdc4b1c9691c0132af35821f8b809c18875473094978db0066d3d0aaf5b6c793c2bb6b2621e6be02a133ed57c0017e11520d370b5b5b22602a2419890abd85588ed853db37125aa8c0443764110f37bf52ac825971bfb9f1efbc72fb2167277f6bb2bf0f2e0e393987c45b0f78a209f1f7dadf7eacbf7150ef2878583e29bd2db3ef146a542196b9da34cb3fec1f187a4358e438eaf3c5f792f7894c3e657928857f5a969aa5f15fe0c2ebf08764d82588e5fd03d7e932a09c2719fc7e9f379249f876222797cd4e2579bc88ebd23ecd8de84ddfb2c7e278ffc4de4a06ec34431d5ba4e833c3a0c131f24cb918654dc5b57ecfb8ac1359f4f96118e1c20e92880d7ed79804d45e5c536f552a448bdd8664c45715b7b65abddc1c60ec12a6b8f88f56ef518644013a837fc300b5025ae5c90911c0c1780467af5cacf0b873a0962e75ebd727360ab064dc1cd89570a882be3e92de7776ebef3de277073d2cfef9fbe34e4b9234f4df4efdad5bf686acb3dc7beba6dce234fd4279dfce8bb5de52f1cdab17a32f304311a1fff079702ba8ca0d37a17de926229b5acb470a5f69bed8bbd7474ca5c75b6735aca22cb1dce95967ae71aef331613afd1a6f839dd6c562c564ec4218b82998a7478d841cc8e4b169cdfa828c99cfb00d98152c94c3d3dd9efe3397f578ba37692365f235a9d581b665acb0e631456c324bcbebbbb09f76e483d8d0fe0de708a6dd1cd50adc13990a0f5dd9af0860e0546da980a01376d172b41896da042d06061569b6aa832a149c011e80ea0846b920a52527273124a130bae25afea8f295064210a750a8f6f0c6c9cb36cf75377e7dee474986b9b56ce9eb5d6d918fceee5a5c7e7dc36eddef5b16fcebc16c7f7b937af8ade7bd776e79364e9dd53efbdff7e6ddf9b331aa64d7aa287ffd5875a623ffe0324f6003e5538839be0547c51efe52857662a5b94e795b715fe267a93e5518e3a005d4811a8c89bcc54448a62b11ca79c93528e5a10512c9c480f9283cc04e06dba09711cb0a0e326ae89dcf60acf9bf4b4409ea90917e81651ef14ca13eb82f9e27a1b616bce6271e621a2128d50b2cfda84d71a9afb6725682f12b908e0fb876aac383009978aec854c638585ab7a4438809ecd6603dd817d6e4696f8e70d8e424b53fc03dd9c5b483b752fa45c5a5a51047e15a059e0d19d8a6e2e54ea46162a7ab850e9e483b87b61c4e000c3928f73edb9c9213bb563b2a9fd7ef2a747de78a331968f273d43f75f19fa4c6c3b2c8e8ded730c0c8e8b7fcd05f967613d7fa7a79579ee48ab4fdb94f45cd251e58cf289579293dcd64c0f95b3f96cf30158b214c0a72699921d4949c7ad36a735c969b55900817a92d5e44fd6addbacc46ab5e9c93839d9e780a5fa8a8dc3a7193a6101eb21ceefb3d827a9f3d565ea3a955301896e03896e8cdcaa9bb8d76b8e43381fd9f046c071ef06ebbeff86c8c0f588fc0d93a059b6a88bdb0093957620b54d6d5d25f588f0a05e64ac6c6351e39acadf4313f098144c0e52c0244a768a02a071dcabc99be7dedbb86bedcd6bbb3cff10f9a8fd9511f73fdc82a5850f5e7cab1dd7a9f50f1c7b6a4bc388e214f2ef97628b27c62ebdffe6c30de7d83182c0691de1955cd8d82b7aeb1ac72341948950c4d1222c70265294858a1161d67abbb4fd3118c6c5ca1a584dc56d6a9b0107b87b6627e5e72653a0e613274ed08a1327ae3c77e20422f176d8872a00db22b262bf3e354bcd56674833e52a75355dafbecdbf21b4a81754b3c457e0f164a43ad31c557f507eb0fc60953985b370560a670a9ee3c0744882282a9096e0480fbb9b262a4e2820946a9ce2040ed9cff3925fa04213a9d6652429dfea041372009b11c666dda16868ba48478fe44e726739ba9ec35c13c6ba79a4d2229e55e87a052b2cafdac493225926d689447cc476e6c3c4605381e076c3803da96a5b1b72171779da8a5b8bd436b857f13d22305dab7ab8231df6b81016ca2af5d831ebb163abf8440c135916358f298bfac10d69e46c54120fc05e82e23fb3f9adc00b6a2a433817876890260569b8b3205292fb3e29ffecc5f6c7b77f84ffbd7950275f2e7fe0d741f850ac844cc09b9a973cf800ccc86df1aff9c5fc6994869af4aaa964761acc538e652a9c2217a6d5a1fbd3d6a32dfc8bf4194b336db4bc6939855ad37e48b35b1d69f6b4349a2974b167fab4c060cb78e7cdc9e35367f273d2ee743ce0d842375bb7f876e21d64a7fdafd62438cf7a54a7eae1c0607cded0a51033bbd1b94ba16a4398f326f915eaf573b21ab60d45610d63ec09b8c29a84a554ffd4896cf7be5839ac6d38207e58dbc5840db61b363712a9acac01a3bb00bb042ed4299de4e739d27373389718661027c94e07033cd778e486d8d1afda621f3ebe1b0f3cf229eed6f770ee91479eff72e2bc7fac7cfa0b427a9ebffc1abefd2f5fe1717bcebdd37ddb86a762e71f3e18fbb6fe90612b1e4348b001fe54bc485f86884d7212afc42d56562a6f2954566e546eb4d1ae5c86a59bb59cdec22db62cb5aeb24866c24b85965ed611a48c9688ba34cc32c06a7a8c6ca69bc44dd24efa9c283888cd6acde68993e78904d6389b97202929a36da3b10eb09324d964365b2c56ab8a24995439ea1cc47180ec0423d1b381d7a426dc533729b249d39565666c3e40c6c3fa30430d6902b0ca368c345bb58ac19918ff8ac657f1753ce59bc8cebdf6be15ee482aa8146c871bbc33038f90f65ccbb456023a8b8b8ad4df5d1ec02c43e9aabb0d9442041ec36f707c1529f1cbe0da9c81f57ac64063595481ba2e50c74cfbcf7bac2656da61e93fd81f2cb4760b1ad67e7f41a135a7c048eeeb0ea51d163d5201784635e08ae482cf98e2ea558083f6901d87b0fd319c8e6fc94e4905d38ef983b1f1bb63e5fc81cbff7978c8c8c7e9955f0771ef5ccee7ce5dd6985d7a12f645f6eeda82dce8663d7fba7d8e9394a965ce5bd45b9c9c59f1c3142097db0fcb1c498eb0e4d13c186e8fdba219ae65656adf8986cd355cda9aca4bc398d1820c185bc3a9657b3ec897e3f203d8483068873433b09dc3a1e093a4eb8661733754fc2bf6766c35bef3d0939537f5bc3fb6863f60754cdf3fef60acbdfd258ad72e9b785fb2c5c05936c87ac0b07323740b4ffc1c05a1d8cb10b989d4eed512e6e61541c3248b620ae97dd81092d54afb3727e484792d52db5b2bffc1262d21abe17ae783b1b793a4581a571ff3f2965dbb7efd81e96768fc1bcec7f5435d50014ed31f922d7266aac593d9d5929909e84d2ef0f6c9bc31b3d2529939db322bb32abbdeb2b2eb9694c73dcf5b929f4d7da1cbfed4835d8ea59eecf297e4cfba48252938e00ab823dd32f30ab9c26e377243ba8d972a22b749b3228b9555e089fc62f925622fc8b3624ecd4acf73e5049dee495de777255d7d59d662eb3aeb566bdcca6fb5eeb69eb752abd5475d4de4053dc5bd11dc6311957636e5f8a8b9eb647532ca08a637915b74b5b3ce5c392d9c1dde1de6c33d0b995109f861672d6c2924db0a71a12bc3dd292bfdb070522001a1582042cfde6cdb64bb276c9e972adb2e16b57ff5153328ad57dd3aa8ad819859e00ecf8e397500c40c81ed91f979cc2566577e5ee7c436da8f30b7ce95929cec4c7185c25410ad800566778089164d6b9ebdfbd0e0da21f9733e9e81734b572fbb232deabefdd49ad52f8c546557a7433ed79463f327e6cc9b35f3a970da7de306bdb862f8f2e14eabc5939e61babdfb0d1535ee9a07caf4c9437b2cbd7079c50dbdf1675d7c6a97615943aa6e1971c312033723e3dfd03698430f3aa10f96151cf00d4c1ae81a9334c6559554e57a9c3c4eb75876a83b3c8a644935cd26b3e86c7e91526da9b33cabec93f79bf6294a0ad8b22f09b5769a649b6f5b66a336cc547f6336b81e2351156c04ebd136740ec1b905d96c6680a9c36716dd3eceecb3615bbab59317a44837470218c346896ff425a79f1471402c861db0a737ef9881cc1ae6b12ce8384437c321134ead6d0b2eb62d30ec39681e7c17b5b2156ea6f21a0cb78ba91cd9f31ccc71eeb0e909cdd2a23d69e75ffe38f6d3826fd7ecfa34b03b75d984d52fecb87ff6437885eb9593380d9b5ec264f9eeedde39738f9e3e73e45ec3472903acfb414fc9b0d37dae4f0b205f3219472bf94a799c793a9dc3cf97a79b2515ccbc4a3a3b3ee27f755ef2883d1d7d527bfafa3b8679fafb463926a68ef64d76ccf34cf62d1596265f2297dc2a4ac1368bcb3532a52aa53a85a6f86cebd56d2a5155ceeb338988a951c61b9340552eddc2f02977cecc8b5ab0c51380dcde8c701e8bf53486da000ea4e4aae9a29e9e99c7943742a462aa3faf20b1014686b5b782098a442ed544981502bc267cbea2f69aa20e1f2a618f70cd82abaa5311b87776a718341c3f1c0c1b98a5b71ee8f6afe66f63e7b1f3d3bf622bbef28da961c5d4b5ed1f93514aeff16bee7a1e8f773ddd880398620577897d1efb45d5761f988937ae1c38f3d984bf5702baec0cbab4a054f49a5ee9104da9ca606188345ea8906608b324294fede3e89392ef2e55cb1c6529a5ee89fc4479b45ae9a84c19ed9ec7cf93a7a9f31cf352a6b997e06459e02db7d0b1fc58d32dca5c3a9d9f6e9aab985c3e4eb4fbcc6667bac81494949e91970d4e9ba88a1aa8a5e7592ff6b2f254a638485bd3910e2c01e665a29e1ea634c3530685555eaa84848132d00f5bcaec28218fe1c7c853f82932872b2b92d482841f6c682dc9f99b975cb263cdeb9fe0943bbf7fe06cacadb961d5ca86bd2b56359024dcf9a1c5b1bfb79ff8fe5eecc79677df79f7fdd7df390e5daf8acde282a017079c2c4eeacf286a77f506b54ce58ab5a846025a57259496939c933620ad5a5baf497d5c7dbc435d43bd15d22dca44d744ef6c698e324b9de79ae36dd14e3b3f737fe639ed6f75b6facf69712d25c445d448723ed7471dc40d5527a85f99bf4f8ba966bb1550e713442ca4f8ac66644d4d3f65c2aa49375599ea4c9c69214eca25b98e0c845a305e8fb7e128be80b9002ec623607a5303830bdcd8c057cd82a2616afbc55638d6263c73b8ed06a6d8eb809a05a826094e5757cfb08419c3ce76fa3b55addad167c3ccd5a7662f3a7be784753deccf2e5efae2730b6bf7c466f1afd68f1ab536fed8d3b1cb0fdcd4a7fd32dd71e2d83b7f7de7f8876035a675f89e1ef4aafee0f3298d42730af50a11a1af50993a3f7559ea1e59ec4abbca5dcdf9b4af902ff74d194ccb8452b92c653c1d2b8f378f4d9a6d5e42ef10969a57d135cace947dc25b925bfc5293aaa46aa94ee224c9644f1eeb749aec1e3f212697df4e79bf49c65822c961a718764ec992f05670343d9a0ffb3cdd495883b599ea9d9ad8f5dbc11c81665ac169677bc3554b656412bb452b5b72cc054d0ea63872b52417096a28e9aa174a829d88482bdacf9aafbc8e6fad38b82ce68d3d13db65fe23eefdb7569cdbebcf636247cffca0d0b25d3fc5bec40b7bc63cf8301efc161efac1176fe7e0dc58ec53148f5f3dff10010ee7ccde6f87bc067e828c2af4822c332e20bdc5f1a4429c252e267788b03a24098ee24e02c77151622f9504894a021135aed0068e2278f78526f5126c8197d8400a51715171113b9127bcbbc47c27e5dae134cddcaded51aa1c8d5ef9e108b8584bb835e05eadbcfc073874c4affac52097c9906b1bc81534fc979b9a910c8bd393949c07d2f07e44a8460a6d729d4c6441d3446cac6907548b959226634d1e2957c9d5325759a35e8a541aa2316533072b92c4dc3ea06ddcf2a3eddc117680e12dcc7b613274f8772083d9c8779c65202f1bf90e9f0af28af1867334c878847f03d98dffdef6ebc3b42056832382d5c153c173413e2339e28a7833d238c79da9b2927467c09fade0f9ca3285288f9853fda898e26af0bd1ec1c42cf9c2365bb18d048c2d739dedbc8db735e1a3bad394124642b64054a14aa816ea8473022fb00aaf39c9946a26ba099bfc1899d79b5bcc54338f3047cdd49c55b9809971c3d566ebefea2204f015b5b1c509482c525b3bd62286333207d60af1c9a1fc74949f8778bbf19a0e7c14e68490e87eecc625b137629fef8f5d893d8b2bf0c1437ffb2056bfefdc674dbce9d0215bec44ebd9d85beaabaf9a70d78b3fe2f0e3ed487e6bf74b6f9ba437f6ec7e4b4ae876689cfd6f7c1a8f410ebe05ec077803c8dc882c96893e388bd9f3133c86ff08fab518fa5d0dc1052e8c6cb02f84d0213ddd969195410649921a021ca89150c8961a418227623325a79fe231ff823fdd7ccdc09b412faa590385f43c9b81338c974bccc0433ad593612b4d572fc119e5aa49bffa3e0ed6613bdb00132f3b06dea1e792605206cdd0c20e31d98b5d04029fc5efc5411902a760f7223185737b719ae2f5a280a99317cb92ca5e34154570e2ec11590e4b20f8dbdb3ad817824960e90c5317b233df2e0fdc91d06abc75f3c639c5c565534dc70ec6828d2db5e34b96ac7fa36df3023a60f6a28fb970eeea4937d58453d7dcfac70d6486fbc6dcb103dae9e09b736f76c17a015d91ef41573cf2eb2a05adf0262c72196c29950a607dda0c071e362df6a2c61e5a4da6c6463572e18d57e627f660143bcdcd85f60aa0b94e2fb7b027c8366a8a8826cb8675f014ddf6f6557d9a2559cdb0116c232709fcf8488016d3ad74373d4ccfd2f3344ea511741d256701dcc393a4887c56c6361907642c3bd422b0fe2a786f701e6b371c64c3f225d4df5e549455646cac417b6e629dda731d49440cda713269ad7df4caa14727fdf921e75ad2970b5fb93d568cbbc74ee3d730c197db2fff4cda19863afc32c090cdb023ab3a3024a38d7aef54ea94c8783283dc29de4f1e147966dd22bfb36e8224980ceb96c1e9b9bdf2e21c869b1b6e60ca95d72b2f6abe6026d5e63af33658682d66de4c3264c3f800f305192359934fc9e7644e1e6e4abc514b9c0c20f1bfb08dab1af10f471a63962330b63334f3f2c734e3ca27c618dcf15fb8108cc18156ea1e9fc4c3dcd05cc5ea3399680631048523e7702793249349e9bce024bab3ca59eddce68c3a5b9c8293cf18e198e498efa8769c75f08e838ae24cbaab199b903bc2d47fb13221688de1d9a8ad6c0a00f90e9b5d94a5304cb5ecf062bb68f52203d2cb97775851c3c3e99c6f40f92c2dd91b0bb9e7de563c7a44ef6c950b83fc0fb79f6f5e5c2e6d72e5d41be3580bf6f3a281b11ff50556b2cff4ba893a8857241c5628951479101e4a4ba5a1f27869827c3f5e47974bebe453f82c3d259d957f947e959d929c4abcf252b2545e2d3f8a1fa78f4a8fcb3bf08bb4111fa4fba563f81dfa86e4e02593ecc41e9a2279e58d7833d942374a4fca66dc14bfa40fc126598e100c538e7f37fb26915033ccbf599625c00091254c79c12c001086d759a3d6163844165bb1d9040b4a83d532dcc236f4a24ad85bda8bd8c90ee696d95b985f57e1ff7cb3817be305b0ad2f002380afbd7608ad05abeac2bd306d8cbdb13df6611466fd653a1ab476f395e769dd95bac49aa65f82beccec7fac53967316422232f8988249347162066f4c3d8fe1e6871be7811436fb960b16526dd966895a5a2c9c0583c8accac920cafe6bd5d029e3f4c5a3e18a015230821d2835fe622b2e029f84392280cc6bcb703560b311b009162336081fb8fc31fe30d6d5b0eb1dbe3bac37d5986326f37b20b388a6e9a91c2055a080526c888af1591c87d53a5cbeb6a0e40b3209c066bd4d8eca2d322f0b09691dd74bcba1e1d2f50baa9d496a58b30e01e9a0c658a7c604ec0c9b06b275f8cf209bddc8779c6d216f35640d83ac2b0c5947e8495972b6accb9340129e8886fd140fe29ba16b826fd6fd604979951fc947f9169e4790a8e2b7410692db78c2831d5bd0067e1d58d8c47b9c8491b507c37452ec85bdb1170c434b1f061922f14fe871ae1fec83ddb8e4dff641abb5a0631f04740540ae778cf5ee454fe94338394dca534a945ba4b1ca078a788719a74b0a31099294219b9db26c362b824c15c5bb8152e28c3804c0303199c151939348061a9e267771a5db1ef6819b96daea66bb9ebd03b0090734158ecb8e423bc3adfb777fe1b9c104b82da9a916979724db5d5ee4b67abcc8a2a4a84e2f4611d5d8df96330f0246ca5e5e88a1a45e0561f65623970f260ed7b9f49dbd33275556fce9ec918af22d1b8f36e3c238da5eb9e6e537d94ce1277baef806fbefb327372eaa7f69e3b481932a8c7929031d7d67bc837856ef13f095bac771e3dc7394b996b96aad5c6bba5359e85894b4c2b1d1b1de6d73ae9b943c3f9924279bed52a76c5117abc46d22278a76b38701a9a75fcbf3440831bb7c7691872320c622494e776e11d303e0a917f83c24dd6a1cf6607d136b4f6f5ec22c761c928baebe27bece638f24bcf5df7c76e6b0c3d925891d940552c00ecaec1503530a591e5b637f78796bd7a8effb3f7ff1b380c9d9864fddbbbbbdbf74b39dcc7e74d72e2cb9769fb1805ee004d5e5d58dbe8ff63c848c6f22c8fbff44cdef4d98642bfa51f24ac617564f7dd93993c5fb6e6878ebd7dded33d43ed24d9095811f273ec14248ec171b8e06aae8d7ddb15cb54f47f96fbfee024a7c1bc7d5a2b3404540e3813c40e3a0bc991f1f6fe7df44b7092fa0c7f8f1e849ee4b940d7543398446425c065402b40abcb869066f0bda6ef0b6a06d8c9fb5656d8464341acac6196d75b49a7c8f56732f1afd96714bd12a48bbf93ab4969b03e5ec99e38c7815eb87be80c2b03ab2a12c00715987ec731384c1fb26e5b0465e82a77d0ae7866e406077c46f4015a028d3315852d540ad08597622643d8590ea43c89e8790631a4249c09b04e70da706043ebd7307502310b4737e80500a7493920e04fcae2a20388bb867022d4528b50881aa10f2429df76f40d0a76f21d0fd408f229406fda7813cfe6eec3b6a43fbdd21284653c1e012b09159680048ad98dad95711fd43c8465de83c501c88a20084594023802601ad03da0a24187cac643ed032a0c340178c1a9dba1a36e4ea4d103d60447b67cfcd31b29313d989954676efcd158978d8a8445c726382ad4f82ad675ea2b8c78044dcb95b227664e4d4b1d864c969e99f4253d0292082aa21c4e418b2610c066b1b4d46512042858e129d3af6a68773b61ea61cc29450389ea340bc85e2068b3da7bf89c4c979307001f22fd296a8216d7badf69cadfd87922fd06ea0c340947c01d7dfc9dfd132720eb46983b018682bd061a09340e78104720eaeb3707d4e3e07aecf50165031d024a0ad408781ce0389e4330855f2299b1b2364e96220423e8550259fc0b03e81d0463e86d4c7e46310ed744341614eb3918864752402191d0997b723e148c969227f69f8a56ba0897cb9578b04b6f5cf261fa0281038d810aa401ad048a02aa06a20015267207506d501ad07da06140512a0cd19687306da1c077a17e80cca06d281460249e4540374d3444e36840704faa790f7c89bc8054a3d41de32e277c91b46fc0e79dd88df86d80ff171f246833f80fa9ba11e411b156215e22ca8e7c96b7bd31d81787f3b390cea09409805540c34026812d03a20811c269d1aa6051cf09083e838e03e401ad0b746fc2c7a4a42faec801e1e0818d35810ee7303a420d8aa6d0d133dbc69336459107e6803a45810be7f2da45810fec37248b1203c7731a458109e361b522c084f9804291684478c8514044de4c957d23b070a46ccc15a7f1b59025a5a025a5a025a5a8238b2845de8178ec9f678436626686c8b1ee99a19a83b80eb0ee1bad1b8ee295c371dd7dd83eb96e3ba225c772bae8be03a1faef3e33a1dd71dc4bd411575586fbc2e5ba8bb71dd715cb70bd7d5e2ba30aecbc075e9b84ec3057a130936dc986b44a546b4b73f5b5710dfd02fc706320641a34180751096fd61084f02c58d9c0e4c5aa70473aa9fc59df6661627f23dfae4ccef3f841c858647611a8ea2b3401c4cd05180d15178c85178800dc262a049402d40e781e24002707702c1d719a10dc22ca062a04940cb80ce03098638e781089adf21e26e43b0ac0ea147b01c390a17fb2a3e48827a9aea5323ea10bace876d7e3cc21ff7930294c20ca9c32ed99bb065ff4f969f7fb220b9bf4c1e22eb501a4cc4fa8e785dc32f698126fc5843f860a07f32fe23f273803a5c88c23803e2dea8d6c8e7239fc4e23ce4232f429cd3e01b0fcd6c0de16e8103d8ca5aed0ffce26b0d7ceb6b2290fcc67730f0a1d6c4e186c05fa1e4c5fd810f7c6b026f673549507228dc84213aa019accdbede815dc70dd6e550b1a521700f8bf607eef60d0eccf11915d31315b7d6424eb7054687270486c0f34a7c53027a2d3c737fa0d8776ba028c195cfdaec0f6483089144321384edea333a0df98d078e2b68c233f56ee226b15c1c21f61273c46e62500c8869a257744a0e4995ac92229924388f489c44242439d9674b11b6c93b05954502c742ce48ab848524e103102c11341445936819291b330097455ba6a2b2295af4d2985013368d9a10e5430370d45186cac60e88f68e943589f1d1d1824859541c794bf91e8c1faa80d22859dd84d1d8f2261c67452bbcec93de6684b17dc5835e167759f160450572a72c2e76173bfad90b0795fc97a0aa238cfcf6735f974e8b6e2a1b531e7d21ad229ac312f1b48ab2e823ec9bdf66fc1f7ca1b4a419ff9b4515e5cdb41ffe4fe968564efb9554549435e1f1061fd2f0bf810f10f36f834ff2238df1214df227f8b624f832a03df0a5b308f8641965187c19b26cf07198f1eda94d2f2dd9939e6ef0b834546bf0d4bab4dff31ccf009e8c0c8327a50e1d37788ea7d4319e683f83c5e70316bfcf60c11ee433587cd863b08cff8d25ab8365cd359635464f14ffc6e34bf058ce5de5b19c039ec8fff6377d402482f7f6ad983a917d2f5d152a9d0e54157d60f14c77b46e8aa6ed995ad1f12175b86acad4992c9e3c3d5a119a5e129d1a2ad1f6f49df85faa27b2eabea1923d6862e9d8f23d13f5e9250d7df5bea5a1c925157b078fcc2bb8aeaf35d7faca1bf95f1e36923d2c8ff535b8e0bf5417b0eac1acaf02d65701eb6bb03ed8e80b19181f59be4742032a064e4cc47b89d90478adf2062b06a4a8d5fd0cf0f60dbaeff11e0087642732472aa24a6840d402c4aabaf7efde9f55c19a625556f6517c4795fb9ebe41ef01bcb3a34a85627b68008a2c5c54bb08b94b679524ee5af841d1c2454ce1893052fbfffa415d69549f5c520bce635934734c59b478d484f23da208a5556c48d13e57cbcce65238ca240a7b40611f5648e935465656c4ca64b983f1ff9eff451db1f1c9441d39b817eb7ebc10d556d0a8bf6c2c015330b6e3ebe303e02eb1eda1b60206588b23b8f6ea330cb151228dd878afd2c2451da90e3d2cec8813ada049ed55755cfb411b3055ff076634f2ec0d0a656e6473747265616d0a656e646f626a0a31342030206f626a0a3c3c0a2f4c656e6774682031330a2f46696c746572202f466c6174654465636f64650a3e3e0a73747265616d0d0a789cfbff9faae00f009c594fae0d0a656e6473747265616d0a656e646f626a0a787265660a302031350a3030303030303030303020363535333520660d0a30303030303030303135203030303030206e0d0a30303030303030303738203030303030206e0d0a30303030303030313335203030303030206e0d0a30303030303030323437203030303030206e0d0a30303030303030343737203030303030206e0d0a30303030303030353130203030303030206e0d0a30303030303030353431203030303030206e0d0a30303030303030363830203030303030206e0d0a30303030303031313831203030303030206e0d0a30303030303031363539203030303030206e0d0a30303030303031373334203030303030206e0d0a30303030303032303237203030303030206e0d0a30303030303032323239203030303030206e0d0a30303030303133303130203030303030206e0d0a747261696c65720a3c3c0a2f526f6f742031203020520a2f4944205b3c34414442393539453941423441364646453836363842463232453132354537383e203c34414442393539453941423441364646453836363842463232453132354537383e5d0a2f53697a652031350a3e3e0a7374617274787265660a31333039370a2525454f460a');
SELECT pg_catalog.lo_close(0);

SELECT pg_catalog.lo_open('42601', 131072);
SELECT pg_catalog.lowrite(0, '\x255044462d312e340a25f6e4fcdf0a312030206f626a0a3c3c0a2f54797065202f436174616c6f670a2f56657273696f6e202f312e340a2f50616765732032203020520a3e3e0a656e646f626a0a322030206f626a0a3c3c0a2f54797065202f50616765730a2f4b696473205b33203020525d0a2f436f756e7420310a3e3e0a656e646f626a0a332030206f626a0a3c3c0a2f54797065202f506167650a2f4d65646961426f78205b302e3020302e30203631322e30203739322e305d0a2f506172656e742032203020520a2f436f6e74656e74732034203020520a2f5265736f75726365732035203020520a3e3e0a656e646f626a0a342030206f626a0a3c3c0a2f4c656e677468203135360a2f46696c746572202f466c6174654465636f64650a3e3e0a73747265616d0d0a789c5d8dbf0bc2301085c373cbacd645c8a8934924151c0316fc8153a0205541346aeb2efef75e6c82d0e1dd70f77df7ace3b34209950be7b936522ca414eeca2728b0c16e2a5ccd5791d181b18e2b427213310b8f0f1bb31e4ad438e10d9fa484ce4d8bee7120f8821ba55596b8e348db33aaaa6be958b0a67b83271ef4fe152cd6670336fccfae2863dd969e87b2e62765048f2859c2bf89392b050d0a656e6473747265616d0a656e646f626a0a352030206f626a0a3c3c0a2f466f6e742036203020520a3e3e0a656e646f626a0a362030206f626a0a3c3c0a2f46312037203020520a3e3e0a656e646f626a0a372030206f626a0a3c3c0a2f54797065202f466f6e740a2f42617365466f6e74202f4141465243432b417269616c4d540a2f53756274797065202f54797065300a2f456e636f64696e67202f4964656e746974792d480a2f44657363656e64616e74466f6e7473205b38203020525d0a2f546f556e69636f64652039203020520a3e3e0a656e646f626a0a382030206f626a0a3c3c0a2f54797065202f466f6e740a2f53756274797065202f434944466f6e7454797065320a2f42617365466f6e74202f4141465243432b417269616c4d540a2f43494453797374656d496e666f203130203020520a2f466f6e7444657363726970746f72203131203020520a2f57205b30205b3735305d0a2033205b3237385d0a203230205b353536203535362035353620353536203535365d0a203239205b3237385d0a203336205b3636375d0a3338205b3732325d0a203438205b3833335d0a203531205b3636375d0a203535205b3631315d0a203638205b3535365d0a3730205b3530305d0a203732205b3535365d0a203832205b353536203535365d0a20353539205b3731395d0a20353730205b3636375d0a353738205b3731395d0a20353832205b3833335d0a20353835205b3731392036363720373232203631315d0a20353930205b3736305d0a20353939205b3731395d0a363032205b3535365d0a20363034205b3533312033363520353833203535365d0a20363130205b3535395d0a20363133205b353833203638382035353220353536203534322035353620353030203435385d0a20363331205b3531305d0a363333205b3534325d0a20363337205b3531305d0a5d0a2f434944546f4749444d6170203132203020520a3e3e0a656e646f626a0a392030206f626a0a3c3c0a2f4c656e677468203430340a2f46696c746572202f466c6174654465636f64650a3e3e0a73747265616d0d0a789c5d93cd6eab301046f77e0a2f7b1715600f4e2b4548bd702365d11f35ed03109844483706396491b7af99cf4da522a1231f3c7c633464f5b6d9fa61d6d95b18bb1dcffa30f83ef079bc848ef59e8f835785d1fdd0cd69a504dda99d5416ab77d7f3cca7ad3f8c6abdd6d97b7c789ec355df3df5e39effa8ec35f41c067fd4779ff52eae779769facf27f6b3ce5555e99e0f2abee9b99d5eda13eb4ceaeeb77ddc30ccd7fb58245b64c7c775626d5052a09f6eecf93cb51d87d61f59adf378557abd8957a5d8f7bf9e2be350b73ffc14d8587083c9ab451624abe241600bc80612b04f220d762610761a070990156973d401d4402236a144ba5d41022589a494003804514a001c82085d27b8526469f03204b9cd228dd92cab04ca25c8c483e91ba890960c497902c5ef22d2413ac81af211b2864410fd831490415029e74b20d340221d208bf4b286449fd688746809208b96e2694522ddfe15b9421040f8f266853e0122f4b96a2005b47cf93844dfc32203b54cfe6d5cbb4b087152e5ff90115d8673f07cfb85a6715aaae4fe020463d9580d0a656e6473747265616d0a656e646f626a0a31302030206f626a0a3c3c0a2f5265676973747279202841646f6265290a2f4f72646572696e6720284964656e74697479290a2f537570706c656d656e7420300a3e3e0a656e646f626a0a31312030206f626a0a3c3c0a2f54797065202f466f6e7444657363726970746f720a2f466f6e744e616d65202f4141465243432b417269616c4d540a2f466c61677320340a2f466f6e74576569676874203430302e300a2f4974616c6963416e676c6520302e300a2f466f6e7442426f78205b2d3636342e35353038202d3332342e373037303320323032382e3332303320313033372e313039345d0a2f417363656e74203930352e32373334340a2f44657363656e74202d3231312e39313430360a2f436170486569676874203731352e383230330a2f58486569676874203531382e353534370a2f5374656d56203335302e30373332340a2f466f6e7446696c6532203133203020520a2f434944536574203134203020520a3e3e0a656e646f626a0a31322030206f626a0a3c3c0a2f4c656e677468203132370a2f46696c746572202f466c6174654465636f64650a3e3e0a73747265616d0d0a789c636000034606428089819981858195810d2ec28e22cf01c49c58f47181496e288f07a7f9bc40cc07c4fc58e404180409ba6f148c825130d8801056516134be0894160593620ce20c120c92409614864e69302903c4b20c720cf20c0a60be2298546250665061506550635067d060d0c46ab316106b43d93a007c3b03df0d0a656e6473747265616d0a656e646f626a0a31332030206f626a0a3c3c0a2f4c656e6774682031303638390a2f46696c746572202f466c6174654465636f64650a2f4c656e677468312031343531360a3e3e0a73747265616d0d0a789c8d7a097c5355f6ff5dde9abc242f69daa4499abc90364003b474a1142a7d400b48655f6c914ad9649796b2392e1495ada2200a23e808282a2e4828055bc0a1026e28828383e30aa375dca60333222ed0e47fee4b41f9fde7fffffcf2deb9ebb9ef9e7beef79e7beecb43182164427588226deae285daa6eabf2c8692971012b26fab9e316f49e7e77f84f4a708f1d119936bab911bc908296b81479d31f78edbb61cfaf03bc83f8150207be6f4c9d38e175e5a8f50e45da8ef35130a1cf394dd0875e3209f3e73dec2a51f1c51bf807c17c837ce9d3f7532a2798f421e9e8f9ae64d5e5acd9d561e41a83b9421ad7ac1f4eaef77d5007ff74610b29d3f8052813cfc7328950b832428fe35d0372c8ecd8a7fc3ea594cbe634feb208476a25d7816da850ea323f802b4da8d9a51237a0bb950097a02dd851e45ab90802640c91a341a2e1eca1fc5a9f1469485b6835eb6a313c07b33ba071d4029d81dff162d432be86968b502595027d41f8d44f3d183f8a6f82234119de5ee4305e826743baac675f1f2f843f10df11de819d44cdf8ab72333f2a0a9709d88ff8bff5bfc53d41d5a6c449bd159bc41de8774e8a50e38ff8416a02db492c3f119f15f4182205a02327068183a815b48049e3e1d7d8dddf82e3a109ef2743c1a3f065c3e548966a22de800cec78349909f181f163f8152a08fa5f0d4cda801ed87ab09bd8a3ec60a7f21be237e01a5a26ee846184f237a0fb7d058fbf25831688c072d75458550331ffd19bd894ee1107e8dcce7153e87d7f93fc43f404ed4138d03699f8396ffc03f917be05a46dfe006c507202be8e561a66df43afa3bf6e02c3c028f275dc97cf2245d8024e8b1275cd3d02cd0f763f0f4cf7104ef270a39499fe65ee42e0b69b173712bcc48183d8efe845ec31618a9866bf1bdf80cfe920c2493c8e3e40bfa28f73cf71771328cfa56340f3d885e443f6107ee8d47e15bf04c7c175e851fc69bf1097c0a7f43fa93b1640e394f67d21afa2a3700ae315c2d771fbf927f40f826561e3b167b3ff6533c27be128d023c2c07e937a2276164cde824fa08aeb3e80bcc6333b6c2a5e1201e87ef84eb1efc207e0aefc4cfe346e8e514fe027f8bff837fc49709824b205e12249de00a9105640979943c414ec2758afc93fc425db4138dd07c5a442be87c906a155d0fd73efa77cec39de4e2a0e71c7e13bf95dfc9bfc81fe12f088a78af84a477af3cdd9ed9fe790cc556c736c51a628df1bfa36498430f6821808a40fac970cd86f9de0488db8d4e630574e7c199b81fbe09343309cfc635782968f27ebc053f63c8fe323e045afa109f07992dc467c8dc83e4930164045cb792e9a486ac271b482339437ea52235531b4da6997430ada4d3e9427a07dd44a3f45dfa19fd825ea257e08a73262ec075e2c25c841bcc4de216714f725f735ff313f977f8af0493304f58293409ff167b89fdc491e228b1525c27ee173f90aa009d47d13ef40afadd0f9fa3cb6929dd871e22b95c2a798fbc07789e84a6d16104904a76e2d5e46edc48d2f9a5425fd2170f4717b830e8fa0db2955c227de9305c86c7a0d9a467e26982937b01a222ee286ae30ec1d8de83272f15147c0f392f28a8012352087dbe4eb3b9087d077d4ccf6291db8e3ee14cd885dbc8737424a0e055ae1f5f8e82f409f432adc177a37da414acd365692de078387e01ecc2589c837fa67144c970405101fd12dd87e690bfa13658c7abd11ff1346e067a08e5e2bbd0d7e85958155df9db854c2119bf4d6671f524093722c23d0fa32bc4e998f24e743faea45b84f3e423b4089de44ce873fa12487f92bc4c877117f8d17826ac80bbd14a54135f8eeee0cbb9bfe01988e2f128833b07d6ed2e9ac305215e06566522d8b4fdb0ba0f801de84f8741891b907313e0621c58882d703d0676820304cd82357e3358b1f750a3309634a119bc1583d541887b27361a4d883f8b36c767a0dbe31b5077b007abe277c11377a2afd03ab413af88dd89aa911f56cee7f8267e1039c90f8a7727f5e42332866cba7e7e41db19d88dbe83eb653408f5e30fa27aee43340615c7d7c6ff0ae8ee021676339a8286a25618e5bfa08721b405e5c686933df141b41ac67b168d8a3f170f60139a199f8b46a043e819914793c588debfbf5edcef86a2be7d0a7b17e4e7e5e6f4ccceead1bd5b24b36b97cee18cf450a7a016f0a7f9bc9e54b72b25d999e4b0ab36ab45319b644914788e128cba9586065569d17055940b87860ce9cef2a1c95030f9770555510d8a065dcf13d5aa0c36ed7a4e1d386ffb1f9c7a8253bfc68955ad081575efa69586b4e8899290d684278c2a87f48325a10a2dda66a48719e9f546da02e960101a68a5ee99255a145769a5d1418b67d6975695c0e3f6984d034303a79bba77437b4c66489a21157585aaf760573f6c2488abb4cf1e82240b0815f5844a4aa3a9a11226419466944e9e161d39aabcb4c41b0c5674ef16c503a786a644516840d4163158d040a39ba830302a1add68b3d868d003da9e6e2df56b9b5434a52aa24c0b4d9b3cb13c4a2757b03eec11e8b724eafa43abfbb72c3cdc31b07cd5ef6bbdb4bed43d4b63d9fafa555a74dba8f2dfd70659585101cf80b624635055fd20e87a2d28b16c8c06bd911515e551bc02bad4d848d8a812e39b1e2a652555b3b5a81c1a109a593fbb0aa6c6531f45a3ef0836783c7a73fc1cf2946af563cb43c168b1375431b9c4b7c789ea47dfb13755d752afafe9de6d8f6a4f28768fd5d691502cbf4f4cbf5667a40c76962a1b7d4db3984914ba110011d5a66a20497908c6d49b05d37ba3faa9bd810d7e15185a45a7c18ccc8aca03abead53eac9cb58ff2196a48abff110102426dffbcbe6472478990a1fe885892e1e41ad4a0fe6a3a1a894433331944c48130a720633f239fdfbddbe226120a55ab1a44a03e3412743bb9a24f16a83f186413fc40938ea640265a37aa3c91d7d0146f03d2b322155152c56a5aaed6248f633575576bae35af0a01921b11734c93a352f8da6d5353924a67f689e294ff4ff5f4447dd99850d9a809e55a697d55876ecbc65e974bd4f7be56d7918a260d2ca75ed291225e6ad40228275e6366997225ca65c02d18a09ed6244a804aa3046b83a26ad5904458610a06ff978d9ae217582b23faad598798d13e91ebf37dafcb5f279e524f4160d804cbc64ea8af375d5707504b7478634704884763cb83dac0281a072b3303eea6784b6f4615dea80e2a1bc818007f89a28eec758cde8e7405fc183abb771b0486aebe7e50481b545f553fb9295e3725a4a9a1fa6672841ca9af2eadba0a9ca6f88107bcd1416b2b405733719fee30a314fc4382ec08c761f744041bce28cfca4534a091e056416c229bf524c473ad149944ae15a35449e05b093d049bbc0c2e5f0fe48ea8978ada8b86ab178b86b517a16248ab5720e8991db407ed191060d8e2ae68b4e58acea3cb48e35a601b022f0f91cb7c0b9c866a758dea167bde1c6e195947364bdc4b1c9691c0132af35821f8b809c18875473094978db0066d3d0aaf5b6c793c2bb6b2621e6be02a133ed57c0017e11520d370b5b5b22602a2419890abd85588ed853db37125aa8c0443764110f37bf52ac825971bfb9f1efbc72fb2167277f6bb2bf0f2e0e393987c45b0f78a209f1f7dadf7eacbf7150ef2878583e29bd2db3ef146a542196b9da34cb3fec1f187a4358e438eaf3c5f792f7894c3e657928857f5a969aa5f15fe0c2ebf08764d82588e5fd03d7e932a09c2719fc7e9f379249f876222797cd4e2579bc88ebd23ecd8de84ddfb2c7e278ffc4de4a06ec34431d5ba4e833c3a0c131f24cb918654dc5b57ecfb8ac1359f4f96118e1c20e92880d7ed79804d45e5c536f552a448bdd8664c45715b7b65abddc1c60ec12a6b8f88f56ef518644013a837fc300b5025ae5c90911c0c1780467af5cacf0b873a0962e75ebd727360ab064dc1cd89570a882be3e92de7776ebef3de277073d2cfef9fbe34e4b9234f4df4efdad5bf686acb3dc7beba6dce234fd4279dfce8bb5de52f1cdab17a32f304311a1fff079702ba8ca0d37a17de926229b5acb470a5f69bed8bbd7474ca5c75b6735aca22cb1dce95967ae71aef331613afd1a6f839dd6c562c564ec4218b82998a7478d841cc8e4b169cdfa828c99cfb00d98152c94c3d3dd9efe3397f578ba37692365f235a9d581b665acb0e631456c324bcbebbbb09f76e483d8d0fe0de708a6dd1cd50adc13990a0f5dd9af0860e0546da980a01376d172b41896da042d06061569b6aa832a149c011e80ea0846b920a52527273124a130bae25afea8f295064210a750a8f6f0c6c9cb36cf75377e7dee474986b9b56ce9eb5d6d918fceee5a5c7e7dc36eddef5b16fcebc16c7f7b937af8ade7bd776e79364e9dd53efbdff7e6ddf9b331aa64d7aa287ffd5875a623ffe0324f6003e5538839be0547c51efe52857662a5b94e795b715fe267a93e5518e3a005d4811a8c89bcc54448a62b11ca79c93528e5a10512c9c480f9283cc04e06dba09711cb0a0e326ae89dcf60acf9bf4b4409ea90917e81651ef14ca13eb82f9e27a1b616bce6271e621a2128d50b2cfda84d71a9afb6725682f12b908e0fb876aac383009978aec854c638585ab7a4438809ecd6603dd817d6e4696f8e70d8e424b53fc03dd9c5b483b752fa45c5a5a51047e15a059e0d19d8a6e2e54ea46162a7ab850e9e483b87b61c4e000c3928f73edb9c9213bb563b2a9fd7ef2a747de78a331968f273d43f75f19fa4c6c3b2c8e8ded730c0c8e8b7fcd05f967613d7fa7a79579ee48ab4fdb94f45cd251e58cf289579293dcd64c0f95b3f96cf30158b214c0a72699921d4949c7ad36a735c969b55900817a92d5e44fd6addbacc46ab5e9c93839d9e780a5fa8a8dc3a7193a6101eb21ceefb3d827a9f3d565ea3a955301896e03896e8cdcaa9bb8d76b8e43381fd9f046c071ef06ebbeff86c8c0f588fc0d93a059b6a88bdb0093957620b54d6d5d25f588f0a05e64ac6c6351e39acadf4313f098144c0e52c0244a768a02a071dcabc99be7dedbb86bedcd6bbb3cff10f9a8fd9511f73fdc82a5850f5e7cab1dd7a9f50f1c7b6a4bc388e214f2ef97628b27c62ebdffe6c30de7d83182c0691de1955cd8d82b7aeb1ac72341948950c4d1222c70265294858a1161d67abbb4fd3118c6c5ca1a584dc56d6a9b0107b87b6627e5e72653a0e613274ed08a1327ae3c77e20422f176d8872a00db22b262bf3e354bcd56674833e52a75355dafbecdbf21b4a81754b3c457e0f164a43ad31c557f507eb0fc60953985b370560a670a9ee3c0744882282a9096e0480fbb9b262a4e2820946a9ce2040ed9cff3925fa04213a9d6652429dfea041372009b11c666dda16868ba48478fe44e726739ba9ec35c13c6ba79a4d2229e55e87a052b2cafdac493225926d689447cc476e6c3c4605381e076c3803da96a5b1b72171779da8a5b8bd436b857f13d22305dab7ab8231df6b81016ca2af5d831ebb163abf8440c135916358f298bfac10d69e46c54120fc05e82e23fb3f9adc00b6a2a433817876890260569b8b3205292fb3e29ffecc5f6c7b77f84ffbd7950275f2e7fe0d741f850ac844cc09b9a973cf800ccc86df1aff9c5fc6994869af4aaa964761acc538e652a9c2217a6d5a1fbd3d6a32dfc8bf4194b336db4bc6939855ad37e48b35b1d69f6b4349a2974b167fab4c060cb78e7cdc9e35367f273d2ee743ce0d842375bb7f876e21d64a7fdafd62438cf7a54a7eae1c0607cded0a51033bbd1b94ba16a4398f326f915eaf573b21ab60d45610d63ec09b8c29a84a554ffd4896cf7be5839ac6d38207e58dbc5840db61b363712a9acac01a3bb00bb042ed4299de4e739d27373389718661027c94e07033cd778e486d8d1afda621f3ebe1b0f3cf229eed6f770ee91479eff72e2bc7fac7cfa0b427a9ebffc1abefd2f5fe1717bcebdd37ddb86a762e71f3e18fbb6fe90612b1e4348b001fe54bc485f86884d7212afc42d56562a6f2954566e546eb4d1ae5c86a59bb59cdec22db62cb5aeb24866c24b85965ed611a48c9688ba34cc32c06a7a8c6ca69bc44dd24efa9c283888cd6acde68993e78904d6389b97202929a36da3b10eb09324d964365b2c56ab8a24995439ea1cc47180ec0423d1b381d7a426dc533729b249d39565666c3e40c6c3fa30430d6902b0ca368c345bb58ac19918ff8ac657f1753ce59bc8cebdf6be15ee482aa8146c871bbc33038f90f65ccbb456023a8b8b8ad4df5d1ec02c43e9aabb0d9442041ec36f707c1529f1cbe0da9c81f57ac64063595481ba2e50c74cfbcf7bac2656da61e93fd81f2cb4760b1ad67e7f41a135a7c048eeeb0ea51d163d5201784635e08ae482cf98e2ea558083f6901d87b0fd319c8e6fc94e4905d38ef983b1f1bb63e5fc81cbff7978c8c8c7e9955f0771ef5ccee7ce5dd6985d7a12f645f6eeda82dce8663d7fba7d8e9394a965ce5bd45b9c9c59f1c3142097db0fcb1c498eb0e4d13c186e8fdba219ae65656adf8986cd355cda9aca4bc398d1820c185bc3a9657b3ec897e3f203d8483068873433b09dc3a1e093a4eb8661733754fc2bf6766c35bef3d0939537f5bc3fb6863f60754cdf3fef60acbdfd258ad72e9b785fb2c5c05936c87ac0b07323740b4ffc1c05a1d8cb10b989d4eed512e6e61541c3248b620ae97dd81092d54afb3727e484792d52db5b2bffc1262d21abe17ae783b1b793a4581a571ff3f2965dbb7efd81e96768fc1bcec7f5435d50014ed31f922d7266aac593d9d5929909e84d2ef0f6c9bc31b3d2529939db322bb32abbdeb2b2eb9694c73dcf5b929f4d7da1cbfed4835d8ea59eecf297e4cfba48252938e00ab823dd32f30ab9c26e377243ba8d972a22b749b3228b9555e089fc62f925622fc8b3624ecd4acf73e5049dee495de777255d7d59d662eb3aeb566bdcca6fb5eeb69eb752abd5475d4de4053dc5bd11dc6311957636e5f8a8b9eb647532ca08a637915b74b5b3ce5c392d9c1dde1de6c33d0b995109f861672d6c2924db0a71a12bc3dd292bfdb070522001a1582042cfde6cdb64bb276c9e972adb2e16b57ff5153328ad57dd3aa8ad819859e00ecf8e397500c40c81ed91f979cc2566577e5ee7c436da8f30b7ce95929cec4c7185c25410ad800566778089164d6b9ebdfbd0e0da21f9733e9e81734b572fbb232deabefdd49ad52f8c546557a7433ed79463f327e6cc9b35f3a970da7de306bdb862f8f2e14eabc5939e61babdfb0d1535ee9a07caf4c9437b2cbd7079c50dbdf1675d7c6a97615943aa6e1971c312033723e3dfd03698430f3aa10f96151cf00d4c1ae81a9334c6559554e57a9c3c4eb75876a83b3c8a644935cd26b3e86c7e91526da9b33cabec93f79bf6294a0ad8b22f09b5769a649b6f5b66a336cc547f6336b81e2351156c04ebd136740ec1b905d96c6680a9c36716dd3eceecb3615bbab59317a44837470218c346896ff425a79f1471402c861db0a737ef9881cc1ae6b12ce8384437c321134ead6d0b2eb62d30ec39681e7c17b5b2156ea6f21a0cb78ba91cd9f31ccc71eeb0e909cdd2a23d69e75ffe38f6d3826fd7ecfa34b03b75d984d52fecb87ff6437885eb9593380d9b5ec264f9eeedde39738f9e3e73e45ec3472903acfb414fc9b0d37dae4f0b205f3219472bf94a799c793a9dc3cf97a79b2515ccbc4a3a3b3ee27f755ef2883d1d7d527bfafa3b8679fafb463926a68ef64d76ccf34cf62d1596265f2297dc2a4ac1368bcb3532a52aa53a85a6f86cebd56d2a5155ceeb338988a951c61b9340552eddc2f02977cecc8b5ab0c51380dcde8c701e8bf53486da000ea4e4aae9a29e9e99c7943742a462aa3faf20b1014686b5b782098a442ed544981502bc267cbea2f69aa20e1f2a618f70cd82abaa5311b87776a718341c3f1c0c1b98a5b71ee8f6afe66f63e7b1f3d3bf622bbef28da961c5d4b5ed1f93514aeff16bee7a1e8f773ddd880398620577897d1efb45d5761f988937ae1c38f3d984bf5702baec0cbab4a054f49a5ee9104da9ca606188345ea8906608b324294fede3e89392ef2e55cb1c6529a5ee89fc4479b45ae9a84c19ed9ec7cf93a7a9f31cf352a6b997e06459e02db7d0b1fc58d32dca5c3a9d9f6e9aab985c3e4eb4fbcc6667bac81494949e91970d4e9ba88a1aa8a5e7592ff6b2f254a638485bd3910e2c01e665a29e1ea634c3530685555eaa84848132d00f5bcaec28218fe1c7c853f82932872b2b92d482841f6c682dc9f99b975cb263cdeb9fe0943bbf7fe06cacadb961d5ca86bd2b56359024dcf9a1c5b1bfb79ff8fe5eecc79677df79f7fdd7df390e5daf8acde282a017079c2c4eeacf286a77f506b54ce58ab5a846025a57259496939c933620ad5a5baf497d5c7dbc435d43bd15d22dca44d744ef6c698e324b9de79ae36dd14e3b3f737fe639ed6f75b6facf69712d25c445d448723ed7471dc40d5527a85f99bf4f8ba966bb1550e713442ca4f8ac66644d4d3f65c2aa49375599ea4c9c69214eca25b98e0c845a305e8fb7e128be80b9002ec623607a5303830bdcd8c057cd82a2616afbc55638d6263c73b8ed06a6d8eb809a05a826094e5757cfb08419c3ce76fa3b55addad167c3ccd5a7662f3a7be784753deccf2e5efae2730b6bf7c466f1afd68f1ab536fed8d3b1cb0fdcd4a7fd32dd71e2d83b7f7de7f8876035a675f89e1ef4aafee0f3298d42730af50a11a1af50993a3f7559ea1e59ec4abbca5dcdf9b4af902ff74d194ccb8452b92c653c1d2b8f378f4d9a6d5e42ef10969a57d135cace947dc25b925bfc5293aaa46aa94ee224c9644f1eeb749aec1e3f212697df4e79bf49c65822c961a718764ec992f05670343d9a0ffb3cdd495883b599ea9d9ad8f5dbc11c81665ac169677bc3554b656412bb452b5b72cc054d0ea63872b52417096a28e9aa174a829d88482bdacf9aafbc8e6fad38b82ce68d3d13db65fe23eefdb7569cdbebcf636247cffca0d0b25d3fc5bec40b7bc63cf8301efc161efac1176fe7e0dc58ec53148f5f3dff10010ee7ccde6f87bc067e828c2af4822c332e20bdc5f1a4429c252e267788b03a24098ee24e02c77151622f9504894a021135aed0068e2278f78526f5126c8197d8400a51715171113b9127bcbbc47c27e5dae134cddcaded51aa1c8d5ef9e108b8584bb835e05eadbcfc073874c4affac52097c9906b1bc81534fc979b9a910c8bd393949c07d2f07e44a8460a6d729d4c6441d3446cac6907548b959226634d1e2957c9d5325759a35e8a541aa2316533072b92c4dc3ea06ddcf2a3eddc117680e12dcc7b613274f8772083d9c8779c65202f1bf90e9f0af28af1867334c878847f03d98dffdef6ebc3b42056832382d5c153c173413e2339e28a7833d238c79da9b2927467c09fade0f9ca3285288f9853fda898e26af0bd1ec1c42cf9c2365bb18d048c2d739dedbc8db735e1a3bad394124642b64054a14aa816ea8473022fb00aaf39c9946a26ba099bfc1899d79b5bcc54338f3047cdd49c55b9809971c3d566ebefea2204f015b5b1c509482c525b3bd62286333207d60af1c9a1fc74949f8778bbf19a0e7c14e68490e87eecc625b137629fef8f5d893d8b2bf0c1437ffb2056bfefdc674dbce9d0215bec44ebd9d85beaabaf9a70d78b3fe2f0e3ed487e6bf74b6f9ba437f6ec7e4b4ae876689cfd6f7c1a8f410ebe05ec077803c8dc882c96893e388bd9f3133c86ff08fab518fa5d0dc1052e8c6cb02f84d0213ddd969195410649921a021ca89150c8961a418227623325a79fe231ff823fdd7ccdc09b412faa590385f43c9b81338c974bccc0433ad593612b4d572fc119e5aa49bffa3e0ed6613bdb00132f3b06dea1e792605206cdd0c20e31d98b5d04029fc5efc5411902a760f7223185737b719ae2f5a280a99317cb92ca5e34154570e2ec11590e4b20f8dbdb3ad817824960e90c5317b233df2e0fdc91d06abc75f3c639c5c565534dc70ec6828d2db5e34b96ac7fa36df3023a60f6a28fb970eeea4937d58453d7dcfac70d6486fbc6dcb103dae9e09b736f76c17a015d91ef41573cf2eb2a05adf0262c72196c29950a607dda0c071e362df6a2c61e5a4da6c6463572e18d57e627f660143bcdcd85f60aa0b94e2fb7b027c8366a8a8826cb8675f014ddf6f6557d9a2559cdb0116c232709fcf8488016d3ad74373d4ccfd2f3344ea511741d256701dcc393a4887c56c6361907642c3bd422b0fe2a786f701e6b371c64c3f225d4df5e549455646cac417b6e629dda731d49440cda713269ad7df4caa14727fdf921e75ad2970b5fb93d568cbbc74ee3d730c197db2fff4cda19863afc32c090cdb023ab3a3024a38d7aef54ea94c8783283dc29de4f1e147966dd22bfb36e8224980ceb96c1e9b9bdf2e21c869b1b6e60ca95d72b2f6abe6026d5e63af33658682d66de4c3264c3f800f305192359934fc9e7644e1e6e4abc514b9c0c20f1bfb08dab1af10f471a63962330b63334f3f2c734e3ca27c618dcf15fb8108cc18156ea1e9fc4c3dcd05cc5ea3399680631048523e7702793249349e9bce024bab3ca59eddce68c3a5b9c8293cf18e198e498efa8769c75f08e838ae24cbaab199b903bc2d47fb13221688de1d9a8ad6c0a00f90e9b5d94a5304cb5ecf062bb68f52203d2cb97775851c3c3e99c6f40f92c2dd91b0bb9e7de563c7a44ef6c950b83fc0fb79f6f5e5c2e6d72e5d41be3580bf6f3a281b11ff50556b2cff4ba893a8857241c5628951479101e4a4ba5a1f27869827c3f5e47974bebe453f82c3d259d957f947e959d929c4abcf252b2545e2d3f8a1fa78f4a8fcb3bf08bb4111fa4fba563f81dfa86e4e02593ecc41e9a2279e58d7833d942374a4fca66dc14bfa40fc126598e100c538e7f37fb26915033ccbf599625c00091254c79c12c001086d759a3d6163844165bb1d9040b4a83d532dcc236f4a24ad85bda8bd8c90ee696d95b985f57e1ff7cb3817be305b0ad2f002380afbd7608ad05abeac2bd306d8cbdb13df6611466fd653a1ab476f395e769dd95bac49aa65f82beccec7fac53967316422232f8988249347162066f4c3d8fe1e6871be7811436fb960b16526dd966895a5a2c9c0583c8accac920cafe6bd5d029e3f4c5a3e18a015230821d2835fe622b2e029f84392280cc6bcb703560b311b009162336081fb8fc31fe30d6d5b0eb1dbe3bac37d5986326f37b20b388a6e9a91c2055a080526c888af1591c87d53a5cbeb6a0e40b3209c066bd4d8eca2d322f0b09691dd74bcba1e1d2f50baa9d496a58b30e01e9a0c658a7c604ec0c9b06b275f8cf209bddc8779c6d216f35640d83ac2b0c5947e8495972b6accb9340129e8886fd140fe29ba16b826fd6fd604979951fc947f9169e4790a8e2b7410692db78c2831d5bd0067e1d58d8c47b9c8491b507c37452ec85bdb1170c434b1f061922f14fe871ae1fec83ddb8e4dff641abb5a0631f04740540ae778cf5ee454fe94338394dca534a945ba4b1ca078a788719a74b0a31099294219b9db26c362b824c15c5bb8152e28c3804c0303199c151939348061a9e267771a5db1ef6819b96daea66bb9ebd03b0090734158ecb8e423bc3adfb777fe1b9c104b82da9a916979724db5d5ee4b67abcc8a2a4a84e2f4611d5d8df96330f0246ca5e5e88a1a45e0561f65623970f260ed7b9f49dbd33275556fce9ec918af22d1b8f36e3c238da5eb9e6e537d94ce1277baef806fbefb327372eaa7f69e3b481932a8c7929031d7d67bc837856ef13f095bac771e3dc7394b996b96aad5c6bba5359e85894b4c2b1d1b1de6d73ae9b943c3f9924279bed52a76c5117abc46d22278a76b38701a9a75fcbf3440831bb7c7691872320c622494e776e11d303e0a917f83c24dd6a1cf6607d136b4f6f5ec22c761c928baebe27bece638f24bcf5df7c76e6b0c3d925891d940552c00ecaec1503530a591e5b637f78796bd7a8effb3f7ff1b380c9d9864fddbbbbbdbf74b39dcc7e74d72e2cb9769fb1805ee004d5e5d58dbe8ff63c848c6f22c8fbff44cdef4d98642bfa51f24ac617564f7dd93993c5fb6e6878ebd7dded33d43ed24d9095811f273ec14248ec171b8e06aae8d7ddb15cb54f47f96fbfee024a7c1bc7d5a2b3404540e3813c40e3a0bc991f1f6fe7df44b7092fa0c7f8f1e849ee4b940d7543398446425c065402b40abcb869066f0bda6ef0b6a06d8c9fb5656d8464341acac6196d75b49a7c8f56732f1afd96714bd12a48bbf93ab4969b03e5ec99e38c7815eb87be80c2b03ab2a12c00715987ec731384c1fb26e5b0465e82a77d0ae7866e406077c46f4015a028d3315852d540ad08597622643d8590ea43c89e8790631a4249c09b04e70da706043ebd7307502310b4737e80500a7493920e04fcae2a20388bb867022d4528b50881aa10f2429df76f40d0a76f21d0fd408f229406fda7813cfe6eec3b6a43fbdd21284653c1e012b09159680048ad98dad95711fd43c8465de83c501c88a20084594023802601ad03da0a24187cac643ed032a0c340178c1a9dba1a36e4ea4d103d60447b67cfcd31b29313d989954676efcd158978d8a8445c726382ad4f82ad675ea2b8c78044dcb95b227664e4d4b1d864c969e99f4253d0292082aa21c4e418b2610c066b1b4d46512042858e129d3af6a68773b61ea61cc29450389ea340bc85e2068b3da7bf89c4c979307001f22fd296a8216d7badf69cadfd87922fd06ea0c340947c01d7dfc9dfd132720eb46983b018682bd061a09340e78104720eaeb3707d4e3e07aecf50165031d024a0ad408781ce0389e4330855f2299b1b2364e96220423e8550259fc0b03e81d0463e86d4c7e46310ed744341614eb3918864752402191d0997b723e148c969227f69f8a56ba0897cb9578b04b6f5cf261fa0281038d810aa401ad048a02aa06a20015267207506d501ad07da06140512a0cd19687306da1c077a17e80cca06d281460249e4540374d3444e36840704faa790f7c89bc8054a3d41de32e277c91b46fc0e79dd88df86d80ff171f246833f80fa9ba11e411b156215e22ca8e7c96b7bd31d81787f3b390cea09409805540c34026812d03a20811c269d1aa6051cf09083e838e03e401ad0b746fc2c7a4a42faec801e1e0818d35810ee7303a420d8aa6d0d133dbc69336459107e6803a45810be7f2da45810fec37248b1203c7731a458109e361b522c084f9804291684478c8514044de4c957d23b070a46ccc15a7f1b59025a5a025a5a025a5a8238b2845de8178ec9f678436626686c8b1ee99a19a83b80eb0ee1bad1b8ee295c371dd7dd83eb96e3ba225c772bae8be03a1faef3e33a1dd71dc4bd411575586fbc2e5ba8bb71dd715cb70bd7d5e2ba30aecbc075e9b84ec3057a130936dc986b44a546b4b73f5b5710dfd02fc706320641a34180751096fd61084f02c58d9c0e4c5aa70473aa9fc59df6661627f23dfae4ccef3f841c858647611a8ea2b3401c4cd05180d15178c85178800dc262a049402d40e781e24002707702c1d719a10dc22ca062a04940cb80ce03098638e781089adf21e26e43b0ac0ea147b01c390a17fb2a3e48827a9aea5323ea10bace876d7e3cc21ff7930294c20ca9c32ed99bb065ff4f969f7fb220b9bf4c1e22eb501a4cc4fa8e785dc32f698126fc5843f860a07f32fe23f273803a5c88c23803e2dea8d6c8e7239fc4e23ce4232f429cd3e01b0fcd6c0de16e8103d8ca5aed0ffce26b0d7ceb6b2290fcc67730f0a1d6c4e186c05fa1e4c5fd810f7c6b026f673549507228dc84213aa019accdbede815dc70dd6e550b1a521700f8bf607eef60d0eccf11915d31315b7d6424eb7054687270486c0f34a7c53027a2d3c737fa0d8776ba028c195cfdaec0f6483089144321384edea333a0df98d078e2b68c233f56ee226b15c1c21f61273c46e62500c8869a257744a0e4995ac92229924388f489c44242439d9674b11b6c93b05954502c742ce48ab848524e103102c11341445936819291b330097455ba6a2b2295af4d2985013368d9a10e5430370d45186cac60e88f68e943589f1d1d1824859541c794bf91e8c1faa80d22859dd84d1d8f2261c67452bbcec93de6684b17dc5835e167759f160450572a72c2e76173bfad90b0795fc97a0aa238cfcf6735f974e8b6e2a1b531e7d21ad229ac312f1b48ab2e823ec9bdf66fc1f7ca1b4a419ff9b4515e5cdb41ffe4fe968564efb9554549435e1f1061fd2f0bf810f10f36f834ff2238df1214df227f8b624f832a03df0a5b308f8641965187c19b26cf07198f1eda94d2f2dd9939e6ef0b834546bf0d4bab4dff31ccf009e8c0c8327a50e1d37788ea7d4319e683f83c5e70316bfcf60c11ee433587cd863b08cff8d25ab8365cd359635464f14ffc6e34bf058ce5de5b19c039ec8fff6377d402482f7f6ad983a917d2f5d152a9d0e54157d60f14c77b46e8aa6ed995ad1f12175b86acad4992c9e3c3d5a119a5e129d1a2ad1f6f49df85faa27b2eabea1923d6862e9d8f23d13f5e9250d7df5bea5a1c925157b078fcc2bb8aeaf35d7faca1bf95f1e36923d2c8ff535b8e0bf5417b0eac1acaf02d65701eb6bb03ed8e80b19181f59be4742032a064e4cc47b89d90478adf2062b06a4a8d5fd0cf0f60dbaeff11e0087642732472aa24a6840d402c4aabaf7efde9f55c19a625556f6517c4795fb9ebe41ef01bcb3a34a85627b68008a2c5c54bb08b94b679524ee5af841d1c2454ce1893052fbfffa415d69549f5c520bce635934734c59b478d484f23da208a5556c48d13e57cbcce65238ca240a7b40611f5648e935465656c4ca64b983f1ff9eff451db1f1c9441d39b817eb7ebc10d556d0a8bf6c2c015330b6e3ebe303e02eb1eda1b60206588b23b8f6ea330cb151228dd878afd2c2451da90e3d2cec8813ada049ed55755cfb411b3055ff076634f2ec0d0a656e6473747265616d0a656e646f626a0a31342030206f626a0a3c3c0a2f4c656e6774682031330a2f46696c746572202f466c6174654465636f64650a3e3e0a73747265616d0d0a789cfbff9faae00f009c594fae0d0a656e6473747265616d0a656e646f626a0a787265660a302031350a3030303030303030303020363535333520660d0a30303030303030303135203030303030206e0d0a30303030303030303738203030303030206e0d0a30303030303030313335203030303030206e0d0a30303030303030323437203030303030206e0d0a30303030303030343737203030303030206e0d0a30303030303030353130203030303030206e0d0a30303030303030353431203030303030206e0d0a30303030303030363830203030303030206e0d0a30303030303031313831203030303030206e0d0a30303030303031363539203030303030206e0d0a30303030303031373334203030303030206e0d0a30303030303032303237203030303030206e0d0a30303030303032323239203030303030206e0d0a30303030303133303130203030303030206e0d0a747261696c65720a3c3c0a2f526f6f742031203020520a2f4944205b3c45424142383835383333314144383436344545463943313341363935324145343e203c45424142383835383333314144383436344545463943313341363935324145343e5d0a2f53697a652031350a3e3e0a7374617274787265660a31333039370a2525454f460a');
SELECT pg_catalog.lo_close(0);

COMMIT;

--
-- Name: _pdf_document _pdf_document_pkey; Type: CONSTRAINT; Schema: public; Owner: -
--

ALTER TABLE ONLY public._pdf_document
    ADD CONSTRAINT _pdf_document_pkey PRIMARY KEY (id);


--
-- Name: _personal_data _personal_data_pkey; Type: CONSTRAINT; Schema: public; Owner: -
--

ALTER TABLE ONLY public._personal_data
    ADD CONSTRAINT _personal_data_pkey PRIMARY KEY (id);


--
-- Name: _required_data _required_data_pkey; Type: CONSTRAINT; Schema: public; Owner: -
--

ALTER TABLE ONLY public._required_data
    ADD CONSTRAINT _required_data_pkey PRIMARY KEY (field_id);


--
-- Name: _service_field _service_field_pkey; Type: CONSTRAINT; Schema: public; Owner: -
--

ALTER TABLE ONLY public._service_field
    ADD CONSTRAINT _service_field_pkey PRIMARY KEY (field_id, service_id);


--
-- Name: _services _services_pkey; Type: CONSTRAINT; Schema: public; Owner: -
--

ALTER TABLE ONLY public._services
    ADD CONSTRAINT _services_pkey PRIMARY KEY (id);


--
-- Name: _user _user_pkey; Type: CONSTRAINT; Schema: public; Owner: -
--

ALTER TABLE ONLY public._user
    ADD CONSTRAINT _user_pkey PRIMARY KEY (id);


--
-- Name: _personal_data uk6ij03wqqtv5qv8by7608r4570; Type: CONSTRAINT; Schema: public; Owner: -
--

ALTER TABLE ONLY public._personal_data
    ADD CONSTRAINT uk6ij03wqqtv5qv8by7608r4570 UNIQUE (snils);


--
-- Name: _personal_data ukkgfat9lk0nru3wxb2ty6ic4ah; Type: CONSTRAINT; Schema: public; Owner: -
--

ALTER TABLE ONLY public._personal_data
    ADD CONSTRAINT ukkgfat9lk0nru3wxb2ty6ic4ah UNIQUE (user_id);


--
-- Name: _personal_data ukn16qu0pwit1eb4dqi5exi31bc; Type: CONSTRAINT; Schema: public; Owner: -
--

ALTER TABLE ONLY public._personal_data
    ADD CONSTRAINT ukn16qu0pwit1eb4dqi5exi31bc UNIQUE (insurance_policy);


--
-- Name: _personal_data fk11qqpdg2622n7w0r8u1xmnru1; Type: FK CONSTRAINT; Schema: public; Owner: -
--

ALTER TABLE ONLY public._personal_data
    ADD CONSTRAINT fk11qqpdg2622n7w0r8u1xmnru1 FOREIGN KEY (user_id) REFERENCES public._user(id);


--
-- Name: _service_field fk63qwbplmqu3y3qc9b1qbbyhkt; Type: FK CONSTRAINT; Schema: public; Owner: -
--

ALTER TABLE ONLY public._service_field
    ADD CONSTRAINT fk63qwbplmqu3y3qc9b1qbbyhkt FOREIGN KEY (service_id) REFERENCES public._services(id);


--
-- Name: _pdf_document fkkp7rb4t7bbs35v1ch71lhkr23; Type: FK CONSTRAINT; Schema: public; Owner: -
--

ALTER TABLE ONLY public._pdf_document
    ADD CONSTRAINT fkkp7rb4t7bbs35v1ch71lhkr23 FOREIGN KEY (user_id) REFERENCES public._user(id);


--
-- Name: _service_field fkqalqts9gev3eqgfyqwayer9xa; Type: FK CONSTRAINT; Schema: public; Owner: -
--

ALTER TABLE ONLY public._service_field
    ADD CONSTRAINT fkqalqts9gev3eqgfyqwayer9xa FOREIGN KEY (field_id) REFERENCES public._required_data(field_id);


--
-- PostgreSQL database dump complete
--

